nombre_armonizado,n_articles_authored,mean_tfidf_retention,median_tfidf_retention,n_identical,n_similar,pct_identical,mean_embedding_retention,degree,weighted_degree,betweenness,eigenvector,theta_mean,theta_sd,theta_range,theta_shift,theta_first,theta_last,es_mujer,es_abogado,edad_al_asumir,experiencia_previa_institucional,afiliacion_agrupada,distrito,grado_academico_nivel,ego_heterophily,cross_coalition_ties
"Abarca, Damaris",7,0.7910746060021675,0.9622927225327312,4,3,0.5714285714285714,0.946864664554596,56,571.0,3.15220616241344,0.0488050550558782,-1.9550854969716,0.428942671767234,1.67337767794507,-0.468201235704064,-0.968298797227124,-1.43650003293119,1,0,31,0,Independiente,15° distrito,0,0.39285714285714285,22
"Abarca, Jorge",18,0.9526382261630884,0.9807308992127117,14,4,0.7777777777777778,0.9602658748626709,130,2424.0,50.9633468507794,0.106486821024726,-1.42682137186663,0.403700381640436,1.72451378960467,-1.20356279841675,-0.607626990944934,-1.81118978936169,0,0,54,0,Independiente,1er distrito,0,0.4076923076923077,53
"Achurra, Ignacio",1,0.9884097818012477,0.9884097818012477,0,1,0.0,0.9977319836616516,83,746.0,14.5988823772309,0.0696694171879122,-1.51033329059487,0.416969074504953,1.6622953248944,0.388834105686944,-0.958816012285112,-0.569981906598168,0,0,41,1,Desconocida,14° distrito,0,0.7710843373493976,64
"Aguilera, Tiare",38,0.9176726957143891,0.9817252025120962,26,12,0.6842105263157895,0.9567208290100098,106,6935.0,21.5840817359197,0.0914943850380323,-2.25417495369307,0.262088152826011,1.06690849645904,-0.62624654508368,-1.96621101524608,-2.59245756032976,1,1,39,0,Pueblo Rapa Nui,Desconocido,0,1.0,106
"Alvarado, Gloria",13,0.974655392151623,0.9926661826494384,10,3,0.7692307692307693,0.9762306213378906,115,3411.0,27.6690788112288,0.0980258193589516,-3.36623045830195,0.211741832319565,0.987761564043036,-0.558867477040507,-2.92575188024788,-3.48461935728839,1,0,58,0,Independiente,16° distrito,0,0.4260869565217391,49
"Alvarez, Julio",57,0.9136177502391781,0.9841995437701546,36,21,0.631578947368421,0.9453456401824951,89,7740.0,32.6499439349495,0.0698321630051504,-1.1859563209533,0.309972247867043,1.31856504623761,-0.349425984190934,-0.491672065937156,-0.841098050128091,0,1,56,1,Desconocida,26° distrito,1,0.6966292134831461,62
"Alvarez, Rodrigo",5,0.9498285818420774,0.9873927620945728,4,1,0.8,0.9576214551925659,51,685.0,23.8976103003065,0.0291125457322006,4.04925871165138,0.238453103062914,1.17972474864274,1.09583714532515,3.13119428316188,4.22703142848703,0,1,54,1,Independiente,28° distrito,2,0.45098039215686275,23
"Alvez, Amaya",45,0.9238749123263127,0.9851436852337381,32,13,0.7111111111111111,0.9517645239830017,103,7262.0,17.6792076572534,0.0899755805621916,-1.8160504135129,0.450977895883585,1.73794881734188,-0.52722645552711,-0.885973181830674,-1.41319963735778,1,1,50,0,Desconocida,20° distrito,2,0.7766990291262136,80
"Ampuero, Adriana",54,0.9224360310009031,0.9834225723732772,37,17,0.6851851851851852,0.9502147436141968,115,8251.0,26.3695934310706,0.0983429805100509,-3.21902443808522,0.312432393365351,1.20625129550543,-0.230041116526372,-2.89966192827416,-3.12970304480053,1,0,34,0,Independiente,26° distrito,0,0.40869565217391307,47
"Andrade, Cristobal",53,0.9205286711456948,0.9841995437701546,36,17,0.6792452830188679,0.9492794871330261,119,8467.0,32.7312432075568,0.100564915841361,-3.38582184837152,0.30317374255987,1.01963352365281,-0.0228572024393801,-2.98623798008027,-3.00909518251965,0,0,32,0,Independiente,6° distrito,0,0.42016806722689076,50
"Antilef, Victorino",3,1.0000000000000002,1.0,3,0,1.0,1.0,97,1425.0,16.4107009016644,0.0847783930881637,-3.1493959562107,0.298732882133863,1.29501008996578,0.262956594882252,-3.02893676349143,-2.76598016860918,0,0,51,0,Pueblo Mapuche,Regiones  X - XI - XIV,0,0.9381443298969072,91
"Arancibia, Jorge",6,0.9962230630371917,0.9994025203484245,6,0,1.0,0.9866340756416321,123,1478.0,150.448387558107,0.0956592527756636,3.57665556879064,0.409812931976337,1.43678105615883,1.04475994425855,3.0876569799149,4.13241692417345,1,0,81,1,Independiente,7° distrito,1,0.3983739837398374,49
"Arauna, Francisca",104,0.8955627298031147,0.981159800736791,49,55,0.47115384615384615,0.970909059047699,120,7602.0,30.6759848169561,0.101567704715089,-2.91931642027585,0.216496839752566,0.832287866576488,-0.467698448299211,-2.6562490142537,-3.12394746255291,1,1,30,0,Independiente,18° distrito,0,0.4083333333333333,49
"Arellano, Marco",77,0.9229856418678356,0.9911584741750751,40,37,0.5194805194805194,0.9827322959899902,106,4540.0,18.2682582064781,0.0920597628829241,-3.35613940528149,0.297949388501662,1.21566014516427,-0.824805133001892,-2.6680681602326,-3.49287329323449,0,0,31,0,Independiente,8° distrito,0,0.41509433962264153,44
"Arrau, Martin",6,0.9905548997828614,1.0,6,0,1.0,0.9951436519622803,103,1036.0,109.206775926354,0.0844310145769949,4.67903892325467,0.695253161696137,2.58742195146496,0.537915889489551,4.11314485118849,4.65106074067804,0,0,42,1,Independiente,19° distrito,0,0.3592233009708738,37
"Atria, Fernando",109,0.8922925686731134,0.98293184874795,50,59,0.45871559633027525,0.9704741835594177,112,4995.0,25.6250435516821,0.0952945736922271,-0.847213026270126,0.390350951412673,1.46672871076004,0.710768659716146,-0.743268757027575,-0.0325000973114297,0,1,52,1,Independiente,10° distrito,2,0.44642857142857145,50
"Bacian, Wilfredo",18,0.9776001199605502,0.9890553217505385,15,3,0.8333333333333334,0.9562901258468628,121,4688.0,42.3941403341304,0.100356451739715,-3.20999466783381,0.35883043815727,1.56056557443833,0.18442279831084,-2.89293578379433,-2.70851298548349,0,0,45,1,Pueblo Quechua,Desconocido,0,1.0,121
"Baradit, Jorge",13,0.9480900297525606,0.9869096012967182,9,4,0.6923076923076923,0.9616867303848267,121,1928.0,46.242509196221,0.100287486263957,-1.37844323034159,0.584991448275511,2.87461714749037,-1.1148632764684,0.470207454559192,-0.644655821909212,0,0,52,0,Independiente,10° distrito,0,0.4380165289256198,53
"Baranda, Benito",9,0.9791953364728536,1.0,7,2,0.7777777777777778,0.9807084202766418,126,1525.0,42.929212499942,0.104455040652038,-1.92766540358793,0.538599631798866,2.06690985734545,-2.06690985734545,-0.672956944171684,-2.73986680151713,0,0,62,0,Independiente,12° distrito,2,0.4126984126984127,52
"Barcelo, Luis",2,0.986751890958373,0.986751890958373,2,0,1.0,0.9880180358886719,44,330.0,8.32924059333473,0.0319800124459567,0.0950397914053834,0.261609785557026,1.13156357869354,0.108638394023534,0.0911951027210105,0.199833496744544,0,1,67,1,Independiente,21er distrito,0,0.5,22
"Barraza, Marcos",98,0.8536166828250678,0.9749960816765582,41,57,0.41836734693877553,0.9633498191833496,118,4538.0,43.7599183872816,0.0960844661660672,-2.75313991285862,0.512424496470762,1.93215100756082,0.521927677160237,-2.88276990301754,-2.3608422258573,0,0,48,1,Partido Comunista de Chile,13° distrito,0,0.9576271186440678,113
"Bassa, Jaime",99,0.8914508651979747,0.9846686952529612,44,55,0.4444444444444444,0.9718553423881531,92,3387.0,14.081407800377,0.0788334833472638,-1.3316652700107,0.357119340152218,1.56327292657324,0.585833433544477,-1.05123461872971,-0.465401185185238,0,1,44,0,Independiente,7° distrito,2,0.43478260869565216,40
"Botto, Miguel Angel",2,0.986751890958373,0.986751890958373,2,0,1.0,0.9880180358886719,91,670.0,31.3798280534407,0.0744289390967888,0.235389057454671,0.350296345934451,1.58329132845324,0.00587777396652461,-0.0193559904766658,-0.0134782165101412,,,,,Desconocida,,,0.8021978021978022,73
"Bown, Carol",5,0.9859054402977179,0.9873927620945728,5,0,1.0,0.9788388013839722,52,747.0,26.6195744959916,0.0294255178831382,4.38715688200837,0.291025914485213,1.42994282599718,1.01903098440251,3.40555008526674,4.42458106966926,1,1,42,1,Independiente,15° distrito,0,0.4423076923076923,23
"Bravo, Daniel",6,0.9448309843180077,0.984121794192779,4,2,0.6666666666666666,0.9697153568267822,115,1888.0,24.7254073469104,0.0985408807402927,-2.8988622909279,0.364154351530258,1.16739396341177,-0.138408757026127,-2.82687264722862,-2.96528140425475,0,1,39,0,Independiente,5° distrito,1,0.4,46
"Caamano, Francisco",30,0.9291148662683458,0.9888450209142936,18,12,0.6,0.9625328183174133,131,5229.0,56.9942194239865,0.10642689407352,-3.41840388829135,0.268735535393787,1.0927798407235,-0.530019263097276,-2.98257479652006,-3.51259405961734,0,0,31,0,Independiente,14° distrito,0,0.4198473282442748,55
"Caiguan, Alexis",3,1.0000000000000002,1.0,3,0,1.0,1.0,117,1908.0,37.887697138032,0.0975070750207748,-3.42882193220296,0.214977237911305,1.07434440112993,-0.325275632872589,-2.95482454872591,-3.2801001815985,0,0,45,0,Pueblo Mapuche,Regiones   X - XI - XIV,0,0.9487179487179487,111
"Calvo, Carlos",2,0.8159265226362715,0.8159265226362715,2,0,1.0,0.9619792699813843,117,1749.0,58.049727857872,0.0918623955996474,-1.15617766791234,0.406663089887848,1.43464566279086,-0.437047400960475,-0.564839810589036,-1.00188721154951,0,0,75,0,Independiente,5° distrito,2,0.39316239316239315,46
"Cancino, Adriana",7,0.9501909095210779,0.9981866133414824,5,2,0.7142857142857143,0.9721627235412598,137,2870.0,79.7680694574775,0.108327898566625,-1.45478382442049,0.426624427077438,1.32193434747797,-1.02246972701958,-0.892863856066845,-1.91533358308643,1,0,59,0,Independiente,16° distrito,0,0.4233576642335766,58
"Cantuarias, Rocio",3,0.9811097995657224,0.9873782418100419,3,0,1.0,0.9902872443199158,22,183.0,0.190091224229155,0.0100418307126799,5.0299684863529,0.771810742447651,2.74866715615192,0.671867570623257,4.14985733701456,4.82172490763782,1,1,43,0,Independiente,20° distrito,1,0.18181818181818182,4
"Carrillo, Alondra",99,0.8922311824833689,0.9846686952529612,46,53,0.46464646464646464,0.9727783203125,119,5178.0,31.207500398273,0.100597957875835,-3.05291572453539,0.253665562408952,0.910665693044312,-0.788344840794587,-2.64908322960118,-3.43742807039576,1,0,30,0,Independiente,12° distrito,0,0.3949579831932773,47
"Castillo, Eduardo",5,0.9850933155682581,0.9907530284684387,4,1,0.8,0.9884527325630188,39,2215.0,6.86727522898662,0.029062212087321,0.150643403205057,0.198899288860268,0.976725703861983,0.434978487008208,-0.0122265158307192,0.422751971177489,0,1,71,1,Desconocida,23er distrito,1,0.6666666666666666,26
"Castillo, Maria Trinidad",18,0.9189001278454357,0.9883379711895948,11,7,0.6111111111111112,0.963547945022583,137,4867.0,79.5237440288248,0.108477342376611,-0.92264782333913,0.374208879777681,1.24810435212756,-0.318775369831863,-0.204693771147504,-0.523469140979367,,,,,Desconocida,,,0.7445255474452555,102
"Castro, Claudia",2,0.8814725532094826,0.8814725532094826,1,1,0.5,0.9323874711990356,28,316.0,1.91663420363524,0.0134419408498223,4.37539123015574,0.308253294490281,1.44394667010303,1.33953848168751,3.3132198745056,4.65275835619311,1,0,53,0,Independiente,14° distrito,0,0.35714285714285715,10
"Catrileo, Rosa",80,0.9250821246843642,0.9892618647785305,41,39,0.5125,0.9824020266532898,115,3611.0,24.3458136449533,0.0985734707696872,-2.65633180913864,0.316991359296021,1.20132044819925,-0.388854867519328,-2.73901023094772,-3.12786509846704,1,1,39,1,Pueblo Mapuche,Regiones VIII - IX - XVI,1,0.9565217391304348,110
"Celedon, Roberto",3,0.7165316372643528,0.7901445618291614,1,2,0.3333333333333333,0.9064896702766418,65,959.0,5.00835007884327,0.0573101493995532,-2.10471958965334,0.363663832432467,1.61790787999614,-1.05486435401567,-1.65450579669004,-2.70937015070571,0,1,74,1,Independiente,17° distrito,0,0.35384615384615387,23
"Celis, Raul",5,0.9972395605582847,1.0,5,0,1.0,0.9846665263175964,111,1177.0,77.0549156090377,0.0896689518159327,2.61778967822205,0.174227898056566,0.760863856811722,0.327868126757762,2.55865535383972,2.88652348059749,0,1,58,1,Desconocida,7° distrito,0,0.8018018018018018,89
"Cespedes, Lorena",4,0.9945792332061032,1.0,3,1,0.75,0.9975749254226685,118,1560.0,30.4968367712874,0.0998815367409306,-0.973470125562936,0.281242764672265,1.16524162107159,-0.677041134578889,-0.353560637256488,-1.03060177183538,1,0,47,0,Independiente,23er distrito,0,0.3898305084745763,46
"Chahin, Fuad",19,0.8455958875691616,0.95054795811734,10,9,0.5263157894736842,0.9537488222122192,64,2049.0,22.3245114283763,0.0471616950795778,0.310905662517877,0.18327536632969,0.964016436079871,0.476601020241139,0.203856009231635,0.680457029472774,0,1,44,1,Desconocida,22° distrito,0,0.65625,42
"Chinga, Eric",13,0.9820126907014173,0.9894240690926416,11,2,0.8461538461538461,0.9787305593490601,118,4810.0,37.1386124089186,0.0987807803874494,-3.43724045659362,0.314914988198909,1.29477623664632,0.520720244637443,-3.34944219029498,-2.82872194565754,0,0,50,1,Pueblo Diaguita,Desconocido,0,1.0,118
"Cozzi, Ruggero",2,0.993098901395711,0.993098901395711,2,0,1.0,0.9616662859916687,44,488.0,9.742407404767,0.0267647514304145,2.86266548874818,0.259703519726225,1.00771571696819,0.950028818142716,2.43045256150502,3.38048137964773,0,1,34,0,Independiente,6° distrito,0,0.5454545454545454,24
"Cretton, Eduardo",5,0.9420073677475636,0.9873782418100419,4,1,0.8,0.9686516523361206,79,477.0,44.5148777582209,0.0580260803544541,4.09264105176023,0.360053931298377,1.57952241075022,1.34860290025965,2.85271054106819,4.20131344132783,0,0,25,0,Independiente,22° distrito,0,0.3291139240506329,26
"Cruz, Andres",15,0.9213901619552562,0.9865139784790075,9,6,0.6,0.949988067150116,98,2220.0,51.337150300455,0.0752030139516703,-0.190162947472364,0.376221602672529,1.65803689278264,-0.547269235428416,0.67869846812778,0.131429232699364,0,1,48,0,Independiente,20° distrito,2,0.3979591836734694,39
"Cubillos, Marcela",4,0.8269241481528649,0.8378180810336083,1,3,0.25,0.943994402885437,70,378.0,35.1200298145711,0.0534935522262741,4.68921669771897,0.304541020420049,1.31256831678679,0.603269237564435,3.75724744978816,4.3605166873526,1,1,54,1,Independiente,11° distrito,0,0.2571428571428571,18
"Daza, Mauricio",20,0.9560661537917232,0.9817252025120962,14,6,0.7,0.945543646812439,101,1765.0,25.0371095147982,0.0841409479802559,-1.14099281908342,0.449015828841133,1.75409370687503,-0.233362197719275,-0.853765285348528,-1.0871274830678,0,1,49,0,Independiente,28° distrito,0,0.3564356435643564,36
"De la Maza, Bernardo",0,,,0,0,,,79,352.0,26.4630939549278,0.0611043410453081,1.2405751976952,0.345754025166243,1.24963334009431,0.744049874588918,1.24648185569966,1.99053173028858,0,0,75,0,Independiente,8° distrito,0,0.35443037974683544,28
"Delgado, Aurora",9,0.9571955073924983,0.9863434797975553,5,4,0.5555555555555556,0.9869126081466675,104,1745.0,13.7448889396719,0.0913102114354459,-1.97525135759759,0.413051615669755,1.66724090698492,-1.17337137180665,-1.05672145212932,-2.23009282393598,1,0,56,0,Independiente,24° distrito,0,0.41346153846153844,43
"Dominguez, Gaspar",5,0.967545958773524,1.0,4,1,0.8,0.9888006448745728,99,1331.0,11.1927259671774,0.0879922393707809,-1.11394264137533,0.386918577607258,1.91322321326681,-1.88790435639024,-0.270636765268073,-2.15854112165831,0,0,32,0,Independiente,26° distrito,0,0.3939393939393939,39
"Dorador, Cristina",11,0.9288354328678373,1.0,7,4,0.6363636363636364,0.9806930422782898,125,2172.0,46.087382745809,0.103238952748343,-3.24851043590904,0.302014560794157,1.17812685030394,-0.870706786249888,-2.61883719194068,-3.48954397819057,1,0,41,0,Independiente,3erdistrito,2,0.432,54
"Fernandez, Patricio",5,0.938252587061456,0.9869096012967182,3,2,0.6,0.9393112063407898,85,1512.0,43.3336563604627,0.0649729379276732,-0.512055123201277,0.224159527428609,1.10316742413697,0.497149633790642,-0.368623136981568,0.128526496809074,0,0,51,0,Independiente,11° distrito,0,0.4823529411764706,41
"Flores, Alejandra",99,0.8969566899158483,0.9846686952529612,45,54,0.45454545454545453,0.9724711179733276,119,5773.0,29.4279059852873,0.100981351135443,-3.26443788457339,0.203944413496486,0.94000493552147,-0.542442007983441,-2.86031355741115,-3.40275556539459,1,0,60,0,Independiente,2° distrito,0,0.40336134453781514,48
"Fontaine, Bernardo",1,1.0000000000000002,1.0000000000000002,1,0,1.0,1.0,98,486.0,75.1371593076084,0.0713681076414712,2.81136697027533,0.312459772348027,1.46434763218456,0.992560153296163,2.55181737004178,3.54437752333794,0,0,57,0,Independiente,11° distrito,0,0.3877551020408163,38
"Fuchslocher, Javier",8,0.9332384726952181,0.9763293410057923,4,4,0.5,0.9551929831504822,77,771.0,31.6577614511742,0.0595856979203669,-1.02999660677223,0.218933373617194,0.87148615299263,-0.446496447179787,-0.560281068741224,-1.00677751592101,0,0,32,0,Independiente,21er distrito,0,0.37662337662337664,29
"Gallardo, Bessy",25,0.6944115001083516,0.6619603075028432,8,17,0.32,0.914187490940094,113,2772.0,42.7731405289566,0.0957307200290496,-1.81786382586704,0.649357394079072,2.56834364584839,-0.849249068332227,-0.851272693832388,-1.70052176216461,1,0,36,0,Independiente,8° distrito,0,0.3893805309734513,44
"Galleguillos, Felix",5,0.9404618691257092,1.0,4,1,0.8,0.9690545797348022,98,1778.0,10.6617785437944,0.0869138348440421,-3.23063143764644,0.408135970502822,1.5481038977311,-0.433489424695725,-2.9353048280325,-3.36879425272823,0,0,35,0,Pueblo Atacameño,Desconocido,0,1.0,98
"Garin, Renato",22,0.6708692374013034,0.6686426356614745,4,18,0.18181818181818182,0.9097858667373657,71,1206.0,11.0263006552977,0.0594535686544529,-1.1833535547255,0.510024114372236,1.92675819590165,1.04759677032483,-1.59223858170557,-0.544641811380735,0,1,,1,Independiente,14° distrito,0,0.43661971830985913,31
"Giustinianovich, Elisa",50,0.9171172878974859,0.9852017614192677,36,14,0.72,0.9473170638084412,118,8263.0,29.9089292718583,0.100246484390378,-3.08035192329548,0.212060556019707,0.974695435055772,-0.608802171165796,-2.74834135908811,-3.3571435302539,1,0,36,0,Independiente,28° distrito,2,0.4067796610169492,48
"Godoy, Isabel",26,0.7618570629587917,0.9503764549865413,12,14,0.46153846153846156,0.9241918325424194,125,3510.0,50.870782971792,0.10232612578013,-3.54429747681983,0.411872589341925,1.57826182462811,0.748186498359189,-3.52400767461725,-2.77582117625806,1,0,53,0,Pueblo Colla,Desconocido,0,1.0,125
"Gomez, Claudio",65,0.9202549700918881,0.9851436852337381,43,22,0.6615384615384615,0.9487963318824768,129,9505.0,65.7876922956904,0.103597685409556,-1.48406715909945,0.43761062427406,1.71971798275819,-0.922973234667023,-0.554414240449154,-1.47738747511618,0,1,41,0,Independiente,6° distrito,0,0.43410852713178294,56
"Gomez, Yarela",55,0.924891441560619,0.9851436852337381,37,18,0.6727272727272727,0.9520623087882996,113,8716.0,27.0606797800661,0.0965007757902294,-2.05141136609296,0.549031950924112,2.12728816800845,-0.520099449499134,-0.960877610436404,-1.48097705993554,1,0,31,0,Independiente,27° distrito,0,0.4424778761061947,50
"Gonzalez, Dayana",12,0.944135216229855,0.9977995555425734,9,3,0.75,0.9748708605766296,95,2393.0,7.81901636361997,0.0854140251901189,-3.15456398263812,0.50195688862564,1.67834327429747,-0.307708879954448,-2.67120324659213,-2.97891212654658,,,,,Desconocida,,,0.8315789473684211,79
"Gonzalez, Lidia",4,0.7010557634127613,0.7449172939798424,1,3,0.25,0.9252795577049255,53,322.0,2.60172727333831,0.0473112854409553,-2.8211501236773,0.26917235033112,0.975155617251203,-0.291135548626997,-2.93615971335592,-3.22729526198292,1,0,54,1,Pueblo Yagán,Desconocido,0,1.0,53
"Grandon, Giovanna",5,0.9952997166671906,1.0,5,0,1.0,0.9929795265197754,120,1540.0,41.5677918968197,0.099409892751368,-3.33123108177276,0.215518271314422,1.02131035276057,-0.559776722568852,-2.8922272577813,-3.45200398035015,1,0,46,0,Independiente,12° distrito,0,0.4583333333333333,55
"Grandon, Paola",3,0.8793423106924155,0.829771791331399,1,2,0.3333333333333333,0.9558404088020325,69,708.0,6.78251100108254,0.0605054693808571,-3.06592873693821,0.256615214079454,1.03419606482865,-0.311530324478445,-2.8577654993698,-3.16929582384824,1,0,47,0,Desconocida,17° distrito,0,0.782608695652174,54
"Gutierrez, Hugo",29,0.7197168472213146,0.779094981353295,9,20,0.3103448275862069,0.9224340319633484,107,3655.0,20.3849505434245,0.0924575031789343,-2.97057052929402,0.310522742711447,1.16333270585634,0.234421649919795,-2.86672746060352,-2.63230581068372,0,1,59,1,Partido Comunista de Chile,2° distrito,0,0.9532710280373832,102
"Harboe, Felipe",4,0.9810129350085217,0.986751890958373,4,0,1.0,0.9923973083496094,61,295.0,21.4038458860926,0.0443306476880178,0.779735839641822,0.206901707773085,0.964834571946027,0.273858278818127,0.586809578770512,0.860667857588639,0,1,48,1,Independiente,19° distrito,0,0.5245901639344263,32
"Henriquez, Natalia",15,0.9221651961568061,0.965771013828158,7,8,0.4666666666666667,0.9597965478897095,87,1373.0,17.3404019182326,0.0734148733669308,-3.039070721528,0.40641079208754,1.5659522854679,-0.225527912216147,-3.00528617033203,-3.23081408254817,1,0,35,0,Independiente,9° distrito,0,0.42528735632183906,37
"Hoppe, Vanessa",17,0.9618502571612246,0.9884097818012477,10,7,0.5882352941176471,0.9775994420051575,129,4615.0,48.6080853528854,0.106080361427817,-3.09222889805156,0.255817530656837,1.03957354232383,-0.07032136624469,-3.01826641403115,-3.08858778027584,1,1,41,0,Independiente,21er distrito,0,0.40310077519379844,52
"Hube, Constanza",4,0.8269241481528649,0.8378180810336083,1,3,0.25,0.943994402885437,76,464.0,40.7098584065357,0.0568190662845149,4.74122434521448,0.579540194848671,2.10346023820984,1.15615228199116,3.47013151618359,4.62628379817475,1,1,35,1,Independiente,11° distrito,1,0.3157894736842105,24
"Hurtado, Maximiliano",93,0.9139166062483526,0.9865139784790075,45,48,0.4838709677419355,0.9738748073577881,76,5103.0,21.5673912403313,0.0595227695330509,-0.58094017995614,0.269339157165466,1.28791187194362,0.387199095192003,-0.260273208154612,0.126925887037391,0,0,36,1,Desconocida,4° distrito,0,0.7763157894736842,59
"Hurtado, Ruth",6,0.9882545335814316,0.993098901395711,6,0,1.0,0.9823656678199768,93,807.0,71.7165991747165,0.0668352581896928,4.70068968205865,0.594092389660257,2.49942344436924,1.10661926141054,3.26752451851399,4.37414377992452,1,0,39,0,Republicano de Chile,22° distrito,0,1.0,93
"Jimenez, Luis",12,0.8930548366317043,0.9807308992127117,8,4,0.6666666666666666,0.9601379036903381,120,2530.0,29.8679448145046,0.101778766777512,-2.70567170177787,0.316292188090736,1.1807309508016,-0.567347615064579,-2.45487728759608,-3.02222490266066,0,1,37,0,Pueblo Aymara,Desconocido,0,0.9916666666666667,119
"Jofre, Alvaro",4,0.9943345945557867,0.9949728080642883,4,0,1.0,0.9799511432647705,71,2304.0,36.32302336595,0.0504393722962598,3.18035735647109,0.267200076773751,1.23343676457655,1.23343676457655,2.6749192913796,3.90835605595614,0,0,49,1,Desconocida,2° distrito,0,0.704225352112676,50
"Jurgensen, Harry",7,0.9886668252743309,0.9911405754317276,7,0,1.0,0.9843809008598328,95,1031.0,73.7550412021955,0.0705712891560917,4.39293560290969,0.310764531410778,1.34903588812508,1.24097864826985,3.37664281187908,4.61762146014893,0,0,79,1,Desconocida,25° distrito,0,0.7578947368421053,72
"Labbe, Bastian",33,0.9062450280706777,0.9841995437701546,23,10,0.696969696969697,0.9354153275489807,117,3250.0,26.2558922210701,0.0999560635005012,-3.09091199218614,0.273279576094571,0.958034746719183,-0.427799550495093,-2.76092701022026,-3.18872656071535,0,0,31,0,Independiente,20° distrito,0,0.4017094017094017,47
"Labra, Patricia",1,0.9999999999999979,0.9999999999999979,1,0,1.0,0.9999997615814209,59,623.0,28.7066253914827,0.0382605974161388,2.79800539915817,0.265793807918434,0.993386737475296,0.356933332241507,2.77592609804019,3.1328594302817,1,1,35,0,Desconocida,18° distrito,0,0.5932203389830508,35
"Labrana, Elsa",9,0.9504048803674373,1.0,8,1,0.8888888888888888,0.9905391335487366,106,2001.0,17.6002238026544,0.0923870608312032,-3.34218572988621,0.545791789172495,1.68294661593685,0.130060891154528,-2.56925271312915,-2.43919182197463,1,0,46,1,Independiente,17° distrito,0,0.41509433962264153,44
"Laibe, Tomas",13,0.9378758082651939,0.9897663410824714,9,4,0.6923076923076923,0.9575837254524231,96,1807.0,34.6446254607797,0.0771571377567041,-0.71145907208761,0.255727908213278,0.950110466533542,-0.27151393273166,-0.204378829064938,-0.475892761796597,0,0,30,1,Desconocida,27° distrito,1,0.75,72
"Larrain, Hernan",0,,,0,0,,,95,609.0,49.8532424672591,0.0706162592451003,2.71219955441178,0.246802499200515,1.10462760449635,1.10454538356341,2.18777541240287,3.29232079596628,0,1,46,0,Desconocida,11° distrito,0,0.7263157894736842,69
"Letelier, Margarita",3,0.9811097995657224,0.9873782418100419,3,0,1.0,0.9902872443199158,70,334.0,35.3986425617908,0.0534390722282145,4.0542648361745,0.412613550910472,1.48837600610255,0.308586376783109,3.88200799195436,4.19059436873747,1,0,67,1,Independiente,19° distrito,0,0.2714285714285714,19
"Linconao, Francisca",0,,,0,0,,,46,478.0,5.81549001102089,0.037607562949002,-3.27801499948176,0.368781461454782,1.62361410596699,-0.972941456071845,-2.37774932587856,-3.35069078195041,1,0,64,0,Pueblo Mapuche,Regiones VIII - IX - XVI,0,0.9347826086956522,43
"Llanquileo, Natividad",3,1.0000000000000002,1.0,3,0,1.0,1.0,106,2301.0,26.3000266634986,0.0906114809124621,-3.37802529068008,0.266764061703358,1.10992890875838,0.111714799121402,-2.99782898753906,-2.88611418841766,1,1,36,1,Pueblo Mapuche,Regiones VIII - IX - XVI,0,0.9433962264150944,100
"Logan, Rodrigo",3,0.9839402382470527,0.9827507534483072,2,1,0.6666666666666666,0.9887785911560059,45,810.0,12.6529457962506,0.0325029103320826,0.456559547853631,0.430388688138425,2.07579996737667,-0.461976095107332,0.282697017820764,-0.179279077286568,0,1,41,1,Independiente,9° distrito,1,0.3333333333333333,15
"Loncon, Elisa",7,0.8291747219501495,0.968243588385558,4,3,0.5714285714285714,0.9573026299476624,113,1241.0,23.5656194599149,0.0969393743180311,-2.55545405444946,0.302755861109678,1.22284410606086,-1.10659440566462,-2.06889864540111,-3.17549305106574,1,0,58,0,Pueblo Mapuche,Regiones IV - V - RM - VI - VII,2,0.9557522123893806,108
"Madriaga, Tania",79,0.9240555104797709,0.9911584741750751,40,39,0.5063291139240507,0.9829885959625244,116,3714.0,33.0945470370158,0.097755772303551,-3.62447033764563,0.297348525153968,1.20833722268312,-0.105295998843732,-2.96095037586481,-3.06624637470854,1,0,49,1,Independiente,7° distrito,1,0.4396551724137931,51
"Mamani, Isabella",7,0.8291747219501495,0.968243588385558,4,3,0.5714285714285714,0.9573026299476624,94,986.0,7.03273013169273,0.0844814558051661,-2.26283280734861,0.447898571153248,1.6049818666611,0.223642828182542,-2.81534164418893,-2.59169881600639,1,1,33,0,Pueblo Aymara,Regiones IV - V - RM - VI - VII,0,0.9893617021276596,93
"Marinovic, Teresa",3,0.9811097995657224,0.9873782418100419,3,0,1.0,0.9902872443199158,23,265.0,0.279384439904601,0.0104757798551616,4.34216071626949,1.09545872638973,5.81998617327981,4.50622069685091,0.074881869647091,4.581102566498,1,0,48,0,Independiente,10° distrito,0,0.17391304347826086,4
"Martin, Juan Jose",5,0.9612883508174661,1.0,4,1,0.8,0.9807146191596985,115,1853.0,26.7727785314588,0.0982601385412804,-1.77266044573928,0.347395754330126,1.53240575974561,-1.32591558298565,-0.867674224247608,-2.19358980723326,0,0,25,0,Independiente,12° distrito,0,0.391304347826087,45
"Martinez, Helmuth",38,0.9052191319305329,0.981730309029075,24,14,0.631578947368421,0.9463456869125366,82,6645.0,30.0953153798392,0.0660283212217276,-0.713729786639806,0.545046330427944,2.32917516833438,1.62241929019693,-1.95846024057119,-0.336040950374268,0,1,34,0,Independiente,23er distrito,0,0.43902439024390244,36
"Mayol, Luis",0,,,0,0,,,62,439.0,37.0490319494259,0.0394087829724579,3.12765196502709,0.237616099001207,0.95392573435683,0.300959632320247,3.14175283194612,3.44271246426637,0,1,68,1,Desconocida,23er distrito,0,0.6451612903225806,40
"Mella, Jeniffer",56,0.9198979631422117,0.9846716145019463,39,17,0.6964285714285714,0.9517802000045776,112,7753.0,28.1047181715085,0.0954933921255188,-1.92169490618994,0.655978692089379,2.41228269140884,-0.405195404566959,-0.668759309887241,-1.0739547144542,1,1,40,1,Independiente,5° distrito,0,0.4375,49
"Mena, Felipe",7,0.9628976406631589,0.9911405754317276,6,1,0.8571428571428571,0.9692257046699524,96,2365.0,75.1080081839408,0.0715090481598067,3.98554716854535,0.291948049276595,1.26798226329929,1.23299051562937,2.99556548177978,4.22855599740915,0,0,38,0,Independiente,24° distrito,0,0.375,36
"Meneses, Janis",5,0.9824626475783289,1.0,4,1,0.8,0.9811380505561829,96,1259.0,8.26977656881197,0.0860453465847787,-3.14821999238079,0.244047151674179,0.935872915719871,-0.691656996963497,-2.78372419477695,-3.47538119174045,1,0,32,0,Independiente,6° distrito,0,0.375,36
"Millabur, Adolfo",38,0.9176726957143891,0.9817252025120962,26,12,0.6842105263157895,0.9567208290100098,105,7023.0,18.4502954357963,0.0915318564581941,-2.82560934662385,0.349940637952054,1.21207585643713,-1.06313025802874,-2.35182836633683,-3.41495862436557,0,0,54,1,Pueblo Mapuche,Regiones VIII - IX - XVI,0,0.9523809523809523,100
"Miranda, Valentina",25,0.684637394004462,0.6619603075028432,7,18,0.28,0.9151145815849304,108,2248.0,17.8298300772681,0.0939382931509009,-2.65456267566996,0.546912996699365,1.88797358042738,1.1120548077413,-2.93325553072701,-1.82120072298571,1,0,21,0,Partido Comunista de Chile,8° distrito,0,0.9537037037037037,103
"Monckeberg, Cristian",3,0.9953992675971408,0.9988050406968491,3,0,1.0,0.9744441509246826,73,736.0,44.6776272647486,0.0496154365815191,2.35885054407572,0.234353600783048,1.2301242520402,1.2301242520402,1.88921657748387,3.11934082952407,0,1,53,1,Desconocida,10° distrito,0,0.6712328767123288,49
"Montealegre, Katerine",3,0.9209817021396551,0.9873782418100419,2,1,0.6666666666666666,0.954925000667572,33,309.0,3.19721816572965,0.0160161294974394,4.62497275449907,0.426966946459885,1.86140402535947,0.907120416579992,3.66730129365182,4.57442171023181,1,1,29,0,Independiente,26° distrito,0,0.3939393939393939,13
"Montero, Ricardo",87,0.9142582530416149,0.9867351019377288,42,45,0.4827586206896552,0.9751542210578918,70,4832.0,18.5505514923326,0.0550555162112746,-0.686355547362653,0.261390387606979,1.16939940713907,0.233951018870169,-0.338122364417276,-0.104171345547107,0,1,38,1,Desconocida,18° distrito,0,0.7714285714285715,54
"Moreno, Alfredo",1,0.7755668646089233,0.7755668646089233,0,1,0.0,0.875924825668335,32,177.0,3.40600980441567,0.0144146562558558,3.89470465464448,0.411856192877265,1.92647421915864,1.80576754331299,2.60155668748484,4.40732423079783,0,0,39,0,Independiente,17° distrito,0,0.3125,10
"Munoz, Pedro",95,0.9118727454002931,0.9865139784790075,47,48,0.49473684210526314,0.9737299084663391,87,5090.0,28.1726591297099,0.0700493657845414,-0.739390180902447,0.245475478175552,1.09015747075471,0.374843207479561,-0.611133332463972,-0.23629012498441,0,1,33,1,Desconocida,24° distrito,0,0.7586206896551724,66
"Namor, Guillermo",107,0.9046999972927984,0.9846686952529612,50,57,0.4672897196261682,0.9722849726676941,127,5676.0,45.8613205398073,0.104702725394288,-1.15651672177366,0.292767691577713,1.32825209649038,-0.506609651937427,-0.669204459351487,-1.17581411128891,0,0,24,0,Independiente,4° distrito,0,0.4094488188976378,52
"Navarrete, Geoconda",4,0.9943345945557867,0.9949728080642883,4,0,1.0,0.9799511432647705,54,2194.0,22.240500117355,0.0355781716347421,2.55362175861706,0.198873126454318,0.997277838691035,0.997277838691035,2.13907162938182,3.13634946807286,1,0,51,0,Desconocida,27° distrito,0,0.6296296296296297,34
"Neumann, Ricardo",3,0.9222358133468838,0.9911405754317276,2,1,0.6666666666666666,0.9574655890464783,95,716.0,75.9393462576663,0.0699387623442087,3.97898560267544,0.247242946429298,1.19234333640559,1.08227580924079,3.13461280719645,4.21688861643724,0,1,33,0,Independiente,16° distrito,0,0.3473684210526316,33
"Nunez, Nicolas",15,0.7894696562670139,0.9199952118031367,7,8,0.4666666666666667,0.9504013657569885,125,3835.0,41.1226498898476,0.103905542646161,-2.76430040685414,0.352853558566709,1.35022033247465,-0.11462772351905,-2.60022185479183,-2.71484957831088,0,1,33,0,Desconocida,16° distrito,0,0.792,99
"Olivares, Ivanna",16,0.8865532022044944,0.9909732213383889,11,5,0.6875,0.9525224566459656,106,2925.0,23.3485615237578,0.0912672642239659,-3.37604771279236,0.308308262286045,1.23639256096214,-0.540506639510413,-2.64337758350454,-3.18388422301495,1,0,30,0,Independiente,5° distrito,0,0.44339622641509435,47
"Orellana, Matias",3,0.8843832511020207,0.9179843633043152,1,2,0.3333333333333333,0.9383893609046936,66,1502.0,19.9881667630656,0.0499589066884673,-1.06447378692418,0.328372332864409,1.30442099326234,0.199869742682271,-0.536373760615246,-0.336504017932975,0,1,32,0,Desconocida,15° distrito,0,0.6666666666666666,44
"Ossandon, Manuel",3,0.9205882224667817,0.9873927620945728,2,1,0.6666666666666666,0.9330857396125793,70,685.0,66.2404763691002,0.0450666617544698,2.74740132390082,0.377948570259204,1.37838029624773,1.19745181494058,2.17021099757966,3.36766281252025,0,1,34,0,Independiente,12° distrito,0,0.42857142857142855,30
"Oyarzun, Maria Jose",7,0.9608453995750094,0.9981866133414824,5,2,0.7142857142857143,0.988849937915802,97,1140.0,9.81977299746246,0.0861050976834153,-1.32405054141476,0.478170541920603,2.11471489071715,0.354382179276858,-0.740503379931302,-0.386121200654444,1,0,38,1,Desconocida,7° distrito,0,0.7731958762886598,75
"Perez, Alejandra",80,0.9250048165987739,0.9914641659709678,41,39,0.5125,0.9832011461257935,112,3773.0,30.8441001882333,0.0947442750191094,-3.52678052255502,0.277470437550832,1.3705683283736,-0.432904107853779,-2.70776849042924,-3.14067259828302,1,0,43,0,Independiente,9° distrito,0,0.44642857142857145,50
"Pinto, Malucha",13,0.9529763420232468,0.9865139784790075,8,5,0.6153846153846154,0.9804157614707947,135,3607.0,72.2577404129925,0.107970948080629,-2.29974727274297,0.558881073156989,2.12829288529387,-2.12828871830418,-0.981424878791053,-3.10971359709524,1,0,66,0,Desconocida,13° distrito,0,0.7555555555555555,102
"Politzer, Patricia",102,0.903462526001162,0.9838002720004556,45,57,0.4411764705882353,0.9735625982284546,99,4677.0,26.3989626460121,0.0814888694172745,-0.797813151119186,0.167068062825269,0.717768735252512,-0.486125698519496,-0.49847046702429,-0.984596165543785,1,0,69,1,Independiente,10° distrito,0,0.3434343434343434,34
"Portilla, Ericka",22,0.7381404500046305,0.7277461648293566,9,13,0.4090909090909091,0.9241792559623718,106,2250.0,17.0675644458263,0.092340796322114,-3.34362972806322,0.31147141212877,0.965093826343342,0.00584262496232535,-2.92969265632832,-2.923850031366,1,1,36,1,Partido Comunista de Chile,4° distrito,0,0.9528301886792453,101
"Pustilnick, Tammy",58,0.9223731411489928,0.9817252025120962,35,23,0.603448275862069,0.9517553448677063,106,7132.0,34.7626282637402,0.0865893967866341,-0.612005829673426,0.277017922064546,1.27612700544263,0.417387088745804,-0.418986355672046,-0.0015992669262422,1,1,34,0,Independiente,20° distrito,0,0.41509433962264153,44
"Quinteros, Maria Elisa",23,0.9168274687782466,0.9852598376047974,17,6,0.7391304347826086,0.9611902832984924,118,6943.0,32.8871267112986,0.0996969016356533,-3.1330139148275,0.271481658010272,1.06499816892168,-0.609170572952948,-2.84226794318832,-3.45143851614127,1,0,39,0,Desconocida,17° distrito,0,0.7966101694915254,94
"Rebolledo, Barbara",0,,,0,0,,,55,447.0,18.3510164878537,0.036327093530802,2.80658608410304,0.275899745945029,1.19041541172506,0.973151335268185,2.50351004358627,3.47666137885445,1,0,48,0,Independiente,17° distrito,0,0.5454545454545454,30
"Reyes, Maria Ramona",57,0.9176454683058919,0.9811720285292154,36,21,0.631578947368421,0.9483801126480103,116,8145.0,58.5641176042175,0.0920301223719072,-1.55580953016202,0.588872597062224,1.89748593768181,-1.84455177734946,-0.451169823952213,-2.29572160130167,,,,,Desconocida,,,0.7241379310344828,84
"Rivera, Maria Magdalena",5,0.9933353120559,1.0,4,1,0.8,0.9946039319038391,106,1594.0,41.1689740307447,0.0896649702791017,-2.45573418709002,0.458490496337975,1.61868810299545,1.31051614944167,-2.73432995469391,-1.42381380525224,,,,,Desconocida,,,0.7924528301886793,84
"Rivera, Pollyana",3,0.9924461260743831,0.9911405754317276,3,0,1.0,0.9732682108879089,34,553.0,3.80748250601687,0.0162738486290897,3.62994380889575,0.289280012164813,1.36373554563529,1.33778498760365,2.65407963985891,3.99186462746257,1,0,46,0,Independiente,1er distrito,0,0.38235294117647056,13
"Roa, Giovanna",3,1.0000000000000002,1.0,3,0,1.0,1.0,104,1153.0,13.0383630265386,0.0916257953537895,-1.67519427272549,0.468821457112663,1.79121124315843,0.478336334136141,-1.07949664808705,-0.601160313950905,1,0,34,1,Desconocida,10° distrito,0,0.7884615384615384,82
"Royo, Manuela",24,0.9266263827997486,0.9821209764436606,16,8,0.6666666666666666,0.9644083976745605,122,4965.0,35.4205842008583,0.102524812871342,-3.09289633875354,0.223403515120247,0.887006631246799,-0.886917427477742,-2.65952269613363,-3.54644012361138,1,1,38,0,Independiente,23er distrito,0,0.4016393442622951,49
"Saldana, Alvin",8,0.9862323489566963,0.9977995555425744,7,1,0.875,0.9709454774856567,113,2308.0,23.3751497678442,0.0971495792770023,-3.20247728535399,0.219415998165442,1.02916718242067,-0.3656743784556,-2.8762550136509,-3.2419293921065,0,1,44,0,Independiente,15° distrito,0,0.4247787610619469,48
"Salinas, Fernando",9,0.9461810290464552,1.0,8,1,0.8888888888888888,0.9787615537643433,88,1692.0,2.87705632835927,0.0808698766330834,-3.28616122375209,0.284364660824432,1.0891831745455,-0.722033586728545,-2.63973860451886,-3.3617721912474,0,0,65,0,Independiente,18° distrito,0,0.4090909090909091,36
"San Juan, Constanza",13,0.9619141046863857,0.9892802600273395,9,4,0.6923076923076923,0.9703492522239685,99,2804.0,10.411833476273,0.088169206012335,-3.54357680244988,0.355459079715405,1.34995471296656,-0.345185222634383,-3.10206915787426,-3.44725438050865,1,0,35,0,Independiente,4° distrito,0,0.40404040404040403,40
"Sanchez, Beatriz",6,0.9546218639472638,0.9931717398987776,4,2,0.6666666666666666,0.9886631369590759,95,1118.0,6.93491815733017,0.0855695138086996,-1.48317525789488,0.515429517847682,2.01042200039971,0.176358201379972,-0.638878711861048,-0.462520510481076,1,0,50,1,Independiente,12° distrito,0,0.42105263157894735,40
"Schonhaut, Constanza",108,0.8932309048151105,0.9838002720004556,48,60,0.4444444444444444,0.9718034267425537,107,5190.0,17.8980463357506,0.0927802142339313,-1.44791324656934,0.39783344215393,1.57452734218444,0.493764458368171,-0.965691606001581,-0.47192714763341,1,1,32,1,Desconocida,11° distrito,0,0.7663551401869159,82
"Sepulveda, Barbara",53,0.7722562482082412,0.8225234853175558,18,35,0.33962264150943394,0.9374463558197021,113,5517.0,24.4166974922832,0.096611036761712,-2.1184002045017,0.831039372770683,2.81185654441921,1.93080195812497,-2.82085498289289,-0.890053024767916,1,1,35,0,Partido Comunista de Chile,9° distrito,1,0.9557522123893806,108
"Sepulveda, Carolina",13,0.8994975340339777,0.9955991110851488,9,4,0.6923076923076923,0.9566336274147034,117,2261.0,48.0986190434808,0.097673254569462,-1.05830107546176,0.436439740293885,1.85653646802775,-1.80339075372683,-0.238441437193699,-2.04183219092053,1,0,41,0,Independiente,19° distrito,2,0.4188034188034188,49
"Sepúlveda, Barbara",56,0.9378102258600016,0.9901974293989728,28,28,0.5,0.9876317977905273,0,0.0,0.0,0.0,,,,,,,,,,,Desconocida,,,0.0,0
"Serey, Mariela",6,0.9546218639472638,0.9931717398987776,4,2,0.6666666666666666,0.9886631369590759,98,1153.0,9.47180201037955,0.0873557398674818,-2.12454342904864,0.517910047480068,1.89377987677437,-1.717216655248,-0.985422269240557,-2.70263892448855,1,0,40,0,Independiente,6° distrito,0,0.3979591836734694,39
"Silva, Luciano",3,1.0000000000000002,1.0,3,0,1.0,1.0,97,795.0,22.1374191820692,0.083669631227659,2.01531604113521,0.341073084681813,1.34988318933397,0.496834275315486,2.17925217877205,2.67608645408754,0,0,50,1,Desconocida,20° distrito,0,0.7835051546391752,76
"Squella, Agustin",2,0.986751890958373,0.986751890958373,2,0,1.0,0.9880180358886719,15,225.0,0.328513284139646,0.00877964338947299,0.43899454762432,0.347778412836781,1.42117650802924,-0.501340405001595,0.441052639716581,-0.0602877652850135,0,1,77,0,Independiente,7° distrito,2,0.3333333333333333,5
"Stingo, Daniel",6,0.9546218639472638,0.9931717398987776,4,2,0.6666666666666666,0.9886631369590759,104,1698.0,17.1087856672845,0.0903472906703694,-1.48315596323738,0.491041331405854,1.9373963517209,0.138706907440272,-0.811853041466377,-0.673146134026105,0,1,55,0,Independiente,8° distrito,0,0.3942307692307692,41
"Tepper, Maria Angelica",2,0.993098901395711,0.993098901395711,2,0,1.0,0.9616662859916687,96,820.0,52.3732119903452,0.0734572110039581,2.76889374660618,0.167361243944031,0.590868049536189,0.512696936986612,2.51907403562293,3.03177097260954,,,,,Desconocida,,,0.8020833333333334,77
"Tirado, Fernando",7,0.8526356335339264,0.968243588385558,4,3,0.5714285714285714,0.9576200246810913,92,925.0,6.41044555187907,0.0832519500483879,-2.76536949342761,0.482779226856841,1.87769288006259,0.233341794135732,-2.88253184974748,-2.64919005561175,0,0,67,1,Pueblo Chango,Desconocido,0,1.0,92
"Toloza, Pablo",2,0.8877834323044618,0.8877834323044618,1,1,0.5,0.9379624128341675,35,502.0,4.15830575684012,0.0168622253884076,4.27590699584623,0.385353083459534,1.68413892428267,1.32115069757281,3.00015639345514,4.32130709102795,0,0,50,1,Independiente,3er distrito,0,0.37142857142857144,13
"Ubilla, Maria Cecilia",7,0.9919041998138811,1.0,7,0,1.0,0.995837390422821,104,949.0,110.971573849602,0.0848196022197741,4.07010712188514,0.207442744156368,0.788275569412935,0.730068017866992,3.59701964654935,4.32708766441634,1,1,65,1,Independiente,25° distrito,0,0.36538461538461536,38
"Uribe, Cesar",56,0.9268533863232881,0.9846716145019463,40,16,0.7142857142857143,0.9503752589225769,111,9443.0,24.7698065290084,0.0951926873959891,-3.33515304935583,0.228801766084974,0.872361976389537,0.0269371202295696,-3.07481115681122,-3.04787403658166,0,0,37,0,Independiente,19° distrito,0,0.43243243243243246,48
"Urrutia, Tatiana",0,,,0,0,,,50,347.0,2.7777452766881,0.0424026465305371,-1.51968064244668,0.412383626363088,1.67648950236264,0.362025402631854,-1.00658550856293,-0.644560105931071,1,0,38,0,Desconocida,8° distrito,0,0.7,35
"Valenzuela, Cesar",5,0.938252587061456,0.9869096012967182,3,2,0.6,0.9393112063407898,50,1423.0,7.63016991305002,0.0379195308974499,-0.740193044961576,0.216904703692297,1.02649308461209,0.0619554225008085,-0.388333793457851,-0.326378370957042,0,1,32,0,Desconocida,9° distrito,0,0.7,35
"Valenzuela, Paulina",2,0.9891584664122044,0.9891584664122044,1,1,0.5,0.9951499104499817,83,1115.0,10.7313741944251,0.0715486499687311,-1.4960621883836,0.430749341348575,1.67266154015628,-1.40659894629428,-0.572409134537192,-1.97900808083147,1,0,36,0,Independiente,14° distrito,0,0.3373493975903614,28
"Vallejos, Loreto",6,0.9466956673808498,0.9913228004882,4,2,0.6666666666666666,0.9863652586936951,116,2657.0,25.1026628130461,0.099306809014505,-3.28866321892291,0.316144492770743,1.36422415888461,-0.324056929162878,-3.06056282319239,-3.38461975235527,1,0,41,0,Independiente,15° distrito,0,0.41379310344827586,48
"Vargas, Margarita",4,0.9799988029507845,1.0,3,1,0.75,0.9916491508483887,115,1691.0,31.5674233339687,0.0969840158749924,-2.97334542962044,0.143681961137923,0.583773769117457,-0.288538125866644,-2.73465062608845,-3.0231887519551,1,0,51,0,Pueblo Kawashkar,Desconocido,0,1.0,115
"Vargas, Mario",8,0.8945107140131021,0.9461630562457439,4,4,0.5,0.9471536874771118,52,1087.0,3.99593765633476,0.0436855516487079,-1.56773471491167,0.350600570397806,1.58652322215303,-1.51006031640453,-0.56080438404347,-2.070864700448,0,0,58,0,Desconocida,25° distrito,0,0.6923076923076923,36
"Vega, Roberto",3,0.9953992675971408,0.9988050406968491,3,0,1.0,0.9744442105293274,60,576.0,28.9947721471878,0.0403557609509503,2.64389465174435,0.300701368784509,1.21792536313437,0.987846710540377,2.41542459314612,3.4032713036865,0,1,43,1,Desconocida,5° distrito,1,0.75,45
"Velasquez, Hernan",28,0.8977799564247572,0.9854263230994066,20,8,0.7142857142857143,0.9475025534629822,79,6647.0,15.139128568957,0.0665439605147793,-2.91680703956847,0.269454202814612,0.999292333933228,-0.314163543260823,-2.70965261255702,-3.02381615581785,0,0,55,1,Desconocida,3er distrito,0,0.7468354430379747,59
"Veloso, Paulina",5,0.9972395605582847,1.0,5,0,1.0,0.9846665263175964,113,1235.0,76.5018387409693,0.0910597761325854,2.51746583650774,0.191449430578352,0.913739926654079,0.808263023746124,2.19605260509924,3.00431562884537,1,0,33,0,Desconocida,21er distrito,0,0.7964601769911505,90
"Vergara, Lisette",5,0.9952997166671906,1.0,5,0,1.0,0.9929795265197754,117,1902.0,39.6645708696603,0.0973885271403322,-3.21546690667905,0.339208449996956,1.1924948104514,0.0331317829276894,-2.68972912557454,-2.65659734264685,1,0,28,0,Independiente,6° distrito,0,0.452991452991453,53
"Vidal, Rossana",1,1.0000000000000009,1.0000000000000009,1,0,1.0,0.9999998807907104,76,1034.0,9.64712568360587,0.0644898791795263,-2.58893677716336,0.568803159902243,1.71519771952408,-1.48631129994629,-1.98802463555196,-3.47433593549824,1,1,51,0,Independiente,20° distrito,1,0.34210526315789475,26
"Videla, Carolina",25,0.686225904157332,0.6619603075028432,8,17,0.32,0.9128350615501404,122,3221.0,34.9584298694035,0.102424273012364,-2.66545150875494,0.540538862227116,2.09216753684947,0.924783202691486,-2.47418133897154,-1.54939813628006,1,0,52,0,Partido Comunista de Chile,1er distrito,0,0.9590163934426229,117
"Viera, Christian",4,0.931479449256266,0.9743181011651433,2,2,0.5,0.9804873466491699,71,1005.0,6.02030138109445,0.0621320619892272,-1.22503199943187,0.518155810085484,2.21058696048299,0.558829598060495,-0.641852651694524,-0.0830230536340284,0,1,48,0,Independiente,17° distrito,2,0.38028169014084506,27
"Vilches, Carolina",17,0.9421053764616332,0.9999999999999971,13,4,0.7647058823529411,0.9692630767822266,129,3456.0,52.3372705065612,0.105489639080903,-3.3477527376852,0.310942813990234,1.16374951483591,-0.765737987680871,-2.66077165251271,-3.42650964019358,1,0,36,0,Independiente,6° distrito,0,0.43410852713178294,56
"Villena, Ingrid",18,0.850547384535451,0.9579066185131875,8,10,0.4444444444444444,0.952367901802063,106,2727.0,24.0848193157707,0.0895654133547823,-3.04501499954175,0.38360779434703,1.31317307312091,-0.324813489266519,-2.77999910929095,-3.10481259855747,1,1,31,0,Independiente,13° distrito,0,0.37735849056603776,40
"Woldarsky, Manuel",7,0.9338437359910948,0.9957408851660058,6,1,0.8571428571428571,0.9703046083450317,124,3074.0,38.814015545734,0.10344803360537,-3.47182617720773,0.238542695377369,0.920792886201383,-0.264121237245178,-3.0449631864935,-3.30908442373867,0,1,37,0,Independiente,10° distrito,0,0.4032258064516129,50
"Zarate, Camila",17,0.9486031142219226,0.9926661826494384,13,4,0.7647058823529411,0.9778434634208679,101,3262.0,12.4598834259795,0.0892868801568174,-2.7316927260373,0.907864115665525,3.13574120514796,-0.305449060153996,-2.91210837109947,-3.21755743125347,1,0,29,0,Independiente,7° distrito,0,0.42574257425742573,43
"Zuniga, Luis Arturo",5,0.8615393185222919,0.9000692974582933,2,3,0.4,0.9551955461502075,23,301.0,0.31785072054874,0.0104848983535187,3.51517396771771,0.86014307316893,2.86777354291498,1.10494311490124,3.0700529720584,4.17499608695963,,,,,Desconocida,,,0.9130434782608695,21
